cluster,Zone
5,Arménie
1,Afghanistan
3,Albanie
4,Algérie
1,Angola
5,Antigua-et-Barbuda
5,Argentine
2,Australie
2,Autriche
5,Bahamas
5,Barbade
1,Bangladesh
1,Bolivie (État plurinational de)
1,Botswana
5,Brésil
1,Belize
1,Îles Salomon
5,Bulgarie
5,Myanmar
1,Cameroun
2,Canada
1,Cabo Verde
1,République centrafricaine
1,Sri Lanka
1,Tchad
4,Chili
5,"Chine, continentale"
4,Colombie
1,Congo
4,Costa Rica
5,Cuba
5,Chypre
4,Azerbaïdjan
1,Bénin
2,Danemark
5,Dominique
5,République dominicaine
3,Bélarus
1,Équateur
4,Égypte
1,El Salvador
3,Estonie
5,Fidji
2,Finlande
2,France
5,Polynésie française
1,Djibouti
5,Géorgie
4,Gabon
1,Gambie
2,Allemagne
5,Bosnie-Herzégovine
1,Ghana
4,Kiribati
3,Grèce
5,Grenade
1,Guatemala
1,Guinée
1,Haïti
1,Honduras
2,Chine - RAS de Hong-Kong
3,Hongrie
3,Croatie
2,Islande
1,Inde
1,Indonésie
1,Iraq
2,Irlande
2,Israël
3,Italie
1,Côte d'Ivoire
5,Kazakhstan
5,Jamaïque
5,Japon
1,Jordanie
4,Kirghizistan
1,Kenya
1,Cambodge
1,République populaire démocratique de Corée
3,République de Corée
2,Koweït
3,Lettonie
1,Liban
1,Lesotho
1,Libéria
3,Lituanie
1,Madagascar
1,Malawi
4,Malaisie
4,Maldives
1,Mali
3,Malte
1,Mauritanie
5,Maurice
4,Mexique
5,Mongolie
4,Maroc
1,Mozambique
5,République de Moldova
1,Namibie
1,Népal
2,Pays-Bas
5,Nouvelle-Calédonie
5,Macédoine du Nord
1,Vanuatu
5,Nouvelle-Zélande
1,Nicaragua
1,Niger
1,Nigéria
2,Norvège
1,Pakistan
4,Panama
3,Tchéquie
5,Paraguay
4,Pérou
1,Philippines
3,Pologne
3,Portugal
1,Guinée-Bissau
1,Timor-Leste
1,Zimbabwe
3,Roumanie
1,Rwanda
3,Fédération de Russie
5,Saint-Kitts-et-Nevis
5,Sainte-Lucie
5,Saint-Vincent-et-les Grenadines
1,Sao Tomé-et-Principe
4,Arabie saoudite
1,Sénégal
1,Sierra Leone
3,Slovénie
5,Slovaquie
4,Afrique du Sud
3,Espagne
5,Suriname
1,Tadjikistan
1,Eswatini
2,Suède
2,Suisse
4,Turkménistan
1,République-Unie de Tanzanie
5,Thaïlande
1,Togo
5,Trinité-et-Tobago
4,Oman
4,Tunisie
4,Turquie
2,Émirats arabes unis
1,Ouganda
5,Ukraine
2,États-Unis d'Amérique
1,Burkina Faso
5,Uruguay
5,Venezuela (République bolivarienne du)
4,Viet Nam
1,Éthiopie
5,Samoa
1,Yémen
1,Zambie
2,Belgique
2,Luxembourg
5,Serbie
3,Monténégro
1,Soudan
